<?xml version="1.0" encoding="UTF-8" standalone="yes"?>
<addon id="script.artwork.beef" name="Artwork Beef" version="0.11.1" provider-name="rmrector">
	<requires>
		<import addon="xbmc.python" version="2.19.0" />
		<import addon="xbmc.json" version="6.20.0" />
		<import addon="script.module.simplejson" version="3.3.0" />
		<import addon="script.module.requests" version="2.9.1" />
		<import addon="script.common.plugin.cache" version="2.5.8" />
	</requires>
	<extension point="xbmc.python.script" library="default.py">
		<provides>executable</provides>
	</extension>
	<extension point="kodi.context.item">
		<menu id="kodi.core.manage">
			<item library="context.py">
				<label>32410</label>
				<visible>!Skin.HasSetting(disablecontext:script.artwork.beef) + [StringCompare(ListItem.DBTYPE, movie) | StringCompare(ListItem.DBTYPE, set) | StringCompare(ListItem.DBTYPE, tvshow) | StringCompare(ListItem.DBTYPE, episode) | String.IsEqual(ListItem.DBTYPE, movie) | String.IsEqual(ListItem.DBTYPE, set) | String.IsEqual(ListItem.DBTYPE, tvshow) | String.IsEqual(ListItem.DBTYPE, episode)]</visible>
			</item>
			<item library="context_gui.py">
				<label>32411</label>
				<visible>!Skin.HasSetting(disablecontext:script.artwork.beef) + [StringCompare(ListItem.DBTYPE, movie) | StringCompare(ListItem.DBTYPE, set) | StringCompare(ListItem.DBTYPE, tvshow) | StringCompare(ListItem.DBTYPE, episode)| String.IsEqual(ListItem.DBTYPE, movie) | String.IsEqual(ListItem.DBTYPE, set) | String.IsEqual(ListItem.DBTYPE, tvshow) | String.IsEqual(ListItem.DBTYPE, episode)]</visible>
			</item>
		</menu>
	</extension>
	<extension point="xbmc.service" start="login" library="service.py" />
	<extension point="xbmc.addon.metadata">
		<summary lang="en">Automatically adds extra artwork for your media.</summary>
		<description lang="en">Artwork Beef automatically adds extra artwork for TV shows and movies into your library. It grabs them from wonderful web services and the file system.</description>
		<disclaimer lang="en">Artwork sources: fanart.tv, TheTVDB.com, The Movie Database</disclaimer>
		<news>
v0.11.1 (2017-09-05)
- Fix: reporting error for new users

v0.11.0 (2017-09-02)
- Feature: add option to override image language (defaults to Kodi interface language)
- Feature: generate a report of all changed artwork
- Feature: add option to prefer posters without a title
- Feature: use HTTPS for all API and image URLs
- Feature: add option to generate thumbnail from video files (disabled by default)
- Fix: rematch movie sets when the Kodi library is rebuilt
- Fix: a few Leia compatibility changes
		</news>
		<source>https://github.com/rmrector/script.artwork.beef</source>
		<forum>https://forum.kodi.tv/showthread.php?tid=258886</forum>
		<license>The MIT License</license>
		<platform>all</platform>
		<language />
		<website />
		<source />
		<forum />
		<email />
	</extension>
</addon>
