<?xml version="1.0" encoding="UTF-8" standalone="yes"?>
<addon id="script.module.devhelper" name="Development Helper" version="0.1.0" provider-name="rmrector">
	<requires>
		<import addon="xbmc.python" version="2.19.0" />
		<import addon="xbmc.json" version="6.20.0" />
		<import addon="script.module.simplejson" version="3.3.0" />
	</requires>
	<extension point="xbmc.python.module" library="lib" />
	<extension point="xbmc.addon.metadata">
		<summary lang="en">Helper for development.</summary>
		<description lang="en">Provides some helpful bits.</description>
		<source>https://github.com/rmrector/script.module.devhelper</source>
		<license>The MIT License</license>
		<platform>all</platform>
		<disclaimer />
		<language />
		<website />
		<forum />
		<email />
	</extension>
</addon>
