<?xml version="1.0" encoding="UTF-8" standalone="yes"?>
<addon id="script.artwork.helper" name="Artwork Helper" version="0.5.1" provider-name="rrector">
	<requires>
		<import addon="xbmc.python" version="2.19.0" />
		<import addon="xbmc.json" version="6.20.0" />
	</requires>
	<extension point="xbmc.python.library" library="default.py" />
	<extension point="xbmc.addon.metadata">
		<summary lang="en">Artwork Helper currently provides a couple of tools to skins and other add-ons for working with artwork.</summary>
		<description lang="en">Artwork Helper currently provides a couple of tools to skins and other add-ons for working with artwork. See README.md for detailed usage.</description>
		<disclaimer lang="en">Artwork Skin Helper does not directly add functionality on its own and must be supported by skins or other add-ons.</disclaimer>
		<source>https://github.com/rmrector/script.artwork.helper</source>
		<forum>http://forum.kodi.tv/showthread.php?tid=236649</forum>
		<license>The MIT License</license>
		<platform>all</platform>
		<language />
		<website />
		<email />
	</extension>
</addon>
