<?xml version="1.0" encoding="UTF-8" standalone="yes"?>
<addon id="context.play1randomvideo" name="Play One Random Video" version="1.0.0" provider-name="rmrector">
	<requires>
		<import addon="xbmc.addon" version="15.0.0" />
		<import addon="xbmc.python" version="2.20.0" />
		<import addon="script.playrandomvideos" version="1.1.0" />
	</requires>
	<extension point="kodi.context.item" library="context.py">
		<item>
			<label>Play one random</label>
			<visible>[Window.IsVisible(videos) | StringCompare(ListItem.DBTYPE, set) | StringCompare(ListItem.DBTYPE, tvshow) | StringCompare(ListItem.DBTYPE, season)] + ListItem.IsFolder + !ListItem.IsParentFolder + !SubString(ListItem.FolderPath, plugin, Left) + !SubString(ListItem.FolderPath, addons, Left) + !SubString(ListItem.FolderPath, sources, Left) + !StringCompare(ListItem.FolderPath, add)</visible>
		</item>
	</extension>
	<extension point="kodi.addon.metadata">
		<summary lang="en">Plays one random video from the selected list.</summary>
		<description lang="en">Plays one random video from the selected list.</description>
		<disclaimer lang="en" />
		<platform>all</platform>
		<forum>http://forum.kodi.tv/showthread.php?tid=238613</forum>
		<license>The MIT License</license>
		<language />
		<website />
		<email />
  </extension>
</addon>
