<?xml version="1.0" encoding="UTF-8" standalone="yes"?>
<addon id="script.artwork.beef" name="Artwork Beef" version="0.10.2" provider-name="rmrector">
	<requires>
		<import addon="xbmc.python" version="2.19.0" />
		<import addon="xbmc.json" version="6.20.0" />
		<import addon="script.module.simplejson" version="3.3.0" />
		<import addon="script.module.requests" version="2.9.1" />
		<import addon="script.common.plugin.cache" version="2.5.8" />
	</requires>
	<extension point="xbmc.python.script" library="default.py">
		<provides>executable</provides>
	</extension>
	<extension point="kodi.context.item">
		<menu id="kodi.core.manage">
			<item library="context.py">
				<label>32410</label>
				<visible>!Skin.HasSetting(disablecontext:script.artwork.beef) + [StringCompare(ListItem.DBTYPE, movie) | StringCompare(ListItem.DBTYPE, set) | StringCompare(ListItem.DBTYPE, tvshow) | StringCompare(ListItem.DBTYPE, episode)]</visible>
			</item>
			<item library="context_gui.py">
				<label>32411</label>
				<visible>!Skin.HasSetting(disablecontext:script.artwork.beef) + [StringCompare(ListItem.DBTYPE, movie) | StringCompare(ListItem.DBTYPE, set) | StringCompare(ListItem.DBTYPE, tvshow) | StringCompare(ListItem.DBTYPE, episode)]</visible>
			</item>
		</menu>
	</extension>
	<extension point="xbmc.service" start="login" library="service.py" />
	<extension point="xbmc.addon.metadata">
		<summary lang="en">Automatically adds extra artwork for your media.</summary>
		<description lang="en">Artwork Beef automatically adds extra artwork for TV shows and movies into your library. It grabs them from wonderful web services and the file system.</description>
		<disclaimer lang="en">Artwork sources: fanart.tv, TheTVDB.com, The Movie Database</disclaimer>
		<news>
v0.10.2 (2017-07-25)
- Feature: don't repeatedly request artwork from an unavailable web service
- Fix: don't remove animated artwork set by other add-ons
- Fix: always allow movie sets to be re-matched from TMDB

v0.10.1 (2017-05-12)
- Really remove auto-generated thumbnails
- Fix error when listing all seasons in Jarvis
- Fix error with unicode characters from NFO file

v0.10.0 (2017-04-21)
- Automatically find new artwork for old items only once per day
  - Plus option to disable automatic updates for old items altogether
- Remove movie thumbnail Kodi automatically creates if your scraper is not configured to add a poster
- Add manual action to remove all artwork of a specific type

v0.9.1 (2017-02-11)
- Fix setting season artwork

v0.9.0 (2017-01-27)
- Support movie set artwork
- Merge context items into main add-on
  - [B]Upgrade action![/B] Uninstall context menu add-ons "Select artwork to add" and "Add missing artwork"
- Rearrange libs, drop last dependency not available in official Kodi repo
  - [B]Upgrade action![/B] Uninstall add-on dependency "Development Helper"
- Spread out checking for new artwork so they don't happen all at once (after the first run)
- Fix error when displaying non-ASCII characters in GUI</news>
		<source>https://github.com/rmrector/script.artwork.beef</source>
		<forum>http://forum.kodi.tv/showthread.php?tid=258886</forum>
		<license>The MIT License</license>
		<platform>all</platform>
		<language />
		<website />
		<source />
		<forum />
		<email />
	</extension>
</addon>
