<?xml version="1.0" encoding="UTF-8" standalone="yes"?>
<addon id="script.playrandomvideos" name="Play Random Videos" version="1.1.0" provider-name="rmrector">
	<requires>
		<import addon="xbmc.addon" version="15.0.0" />
		<import addon="xbmc.python" version="2.20.0" />
		<import addon="script.module.simplejson" version="3.3.0"/>
	</requires>
	<extension point="kodi.context.item" library="context.py">
		<item>
			<label>$ADDON[script.playrandomvideos 32100]</label>
			<visible>!Skin.HasSetting(disablecontext:script.playrandomvideos) + [Window.IsVisible(videos) | StringCompare(ListItem.DBTYPE, set) | StringCompare(ListItem.DBTYPE, tvshow) | StringCompare(ListItem.DBTYPE, season)] + ListItem.IsFolder + !ListItem.IsParentFolder + !SubString(ListItem.FolderPath, plugin, Left) + !SubString(ListItem.FolderPath, addons, Left) + !SubString(ListItem.FolderPath, sources, Left) + !StringCompare(ListItem.FolderPath, add)</visible>
		</item>
	</extension>
	<extension point="xbmc.python.library" library="script.py" />
	<extension point="xbmc.addon.metadata">
		<summary lang="en">Plays random videos from all sorts of lists.</summary>
		<description lang="en">This add-on can quickly play random episodes from TV shows, movies from genres/sets/years/tags, and videos from playlists, the filesystem, and just about anything else, other than plugins.</description>
		<platform>all</platform>
		<source>https://github.com/rmrector/script.playrandomvideos</source>
		<forum>http://forum.kodi.tv/showthread.php?tid=238613</forum>
		<license>The MIT License</license>
		<disclaimer />
		<language />
		<website />
		<email />
	</extension>
</addon>
