<?xml version="1.0" encoding="UTF-8" standalone="yes"?>
<addon id="script.artwork.beef" name="Artwork Beef" version="0.16.0" provider-name="rmrector">
	<requires>
		<import addon="xbmc.python" version="2.19.0" />
		<import addon="xbmc.json" version="6.20.0" />
		<import addon="script.module.simplejson" version="3.3.0" />
		<import addon="script.module.requests" version="2.9.1" />
		<import addon="script.common.plugin.cache" version="2.5.8" />
	</requires>
	<extension point="xbmc.python.script" library="default.py">
		<provides>executable</provides>
	</extension>
	<extension point="kodi.context.item">
		<menu id="kodi.core.main">
			<menu id="kodi.core.manage">
				<item library="context.py">
					<label>32410</label>
					<visible>!Skin.HasSetting(disablecontext:script.artwork.beef) + [StringCompare(ListItem.DBTYPE, movie) | StringCompare(ListItem.DBTYPE, set) | StringCompare(ListItem.DBTYPE, tvshow) | StringCompare(ListItem.DBTYPE, episode) | StringCompare(ListItem.DBTYPE, musicvideo) | String.IsEqual(ListItem.DBTYPE, movie) | String.IsEqual(ListItem.DBTYPE, set) | String.IsEqual(ListItem.DBTYPE, tvshow) | String.IsEqual(ListItem.DBTYPE, episode) | String.IsEqual(ListItem.DBTYPE, musicvideo)]</visible>
				</item>
				<item library="context_gui.py">
					<label>32411</label>
					<visible>!Skin.HasSetting(disablecontext:script.artwork.beef) + [StringCompare(ListItem.DBTYPE, movie) | StringCompare(ListItem.DBTYPE, set) | StringCompare(ListItem.DBTYPE, tvshow) | StringCompare(ListItem.DBTYPE, episode) | StringCompare(ListItem.DBTYPE, musicvideo) | String.IsEqual(ListItem.DBTYPE, movie) | String.IsEqual(ListItem.DBTYPE, set) | String.IsEqual(ListItem.DBTYPE, tvshow) | String.IsEqual(ListItem.DBTYPE, episode) | String.IsEqual(ListItem.DBTYPE, musicvideo)]</visible>
				</item>
			</menu>
			<item library="context.py">
				<label>32410</label>
				<visible>!Skin.HasSetting(disablecontext:script.artwork.beef) + [String.StartsWith(System.BuildVersion,18) | String.StartsWith(System.BuildVersion,19)] + [String.IsEqual(ListItem.DBTYPE, artist) | String.IsEqual(ListItem.DBTYPE, album) | String.IsEqual(ListItem.DBTYPE, song)]</visible>
			</item>
			<item library="context_gui.py">
				<label>32411</label>
				<visible>!Skin.HasSetting(disablecontext:script.artwork.beef) + [String.StartsWith(System.BuildVersion,18) | String.StartsWith(System.BuildVersion,19)] + [String.IsEqual(ListItem.DBTYPE, artist) | String.IsEqual(ListItem.DBTYPE, album) | String.IsEqual(ListItem.DBTYPE, song)]</visible>
			</item>
		</menu>
	</extension>
	<extension point="xbmc.service" start="login" library="service.py" />
	<extension point="xbmc.addon.metadata">
		<summary lang="en">Automatically adds extra artwork for your media.</summary>
		<description lang="en">Artwork Beef automatically adds extra artwork for TV shows and movies into your library. It grabs them from wonderful web services and the file system.</description>
		<disclaimer lang="en">Artwork sources: fanart.tv, TheTVDB.com, The Movie Database, TheAudioDB</disclaimer>
		<news>
v0.16.0 (2018-01-24)
- Feature: artist 'landscape' images
- Feature: option to disable all automatic processing per media type
- Fix: support rar/zip archived media for Krypton and below
- Fix: single item updates in Leia
- Fix: music artwork when video library artwork downloading is enabled

v0.15.1 (2018-01-11)
- Fix: incorrect names for all artwork when 'extrafanart' enabled

v0.15.0 (2018-01-09)
- Feature: add option to save additional fanart to 'extrafanart' directory rather than matching Kodi export names
- Feature: remove deselected local artwork, add option to recycle changed local artwork
- Fix: limit songs when processing single album/artist

v0.14.0 (2018-01-02)
- Feature: music library support (for latest Leia nightlies only)
- Fix: crash when processing music video without an artist
- Fix: don't create movie set central directory unless there is artwork to download
- Fix: crash on Jarvis when building UA

v0.13.0 (2017-12-27)
- Feature: add option to download artwork
- Feature: add options to change the in progress display
		</news>
		<source>https://github.com/rmrector/script.artwork.beef</source>
		<forum>https://forum.kodi.tv/showthread.php?tid=258886</forum>
		<website>https://rmrector.github.io/script.artwork.beef/</website>
		<license>The MIT License</license>
		<platform>all</platform>
		<assets>
			<icon>icon.png</icon>
		</assets>
		<language />
		<email />
	</extension>
</addon>
