<?xml version="1.0" encoding="UTF-8" standalone="yes"?>
	<addon id="service.tweak.lastplayed" name="Tweak last played time" version="0.5.1" provider-name="rmrector">
	<requires>
		<import addon="xbmc.python" version="2.20.0"/>
		<import addon="script.module.simplejson" version="3.3.0"/>
	</requires>
	<extension point="xbmc.service" start="login" library="service.py" />
	<extension point="xbmc.addon.metadata">
		<summary lang="en">This service tweaks when the last played time for videos is updated to be more useful.</summary>
		<description lang="en">This add-on changes the last played time for videos to update only if at least a small portion has actually been played, hopefully improving the usefulness of lists and add-ons using this timestamp.</description>
		<platform>all</platform>
		<source>https://github.com/rmrector/service.tweak.lastplayed</source>
		<forum>http://forum.kodi.tv/showthread.php?tid=253816</forum>
		<license>The MIT License</license>
		<disclaimer />
		<website />
		<language />
		<email />
	</extension>
</addon>
