<?xml version="1.0" encoding="UTF-8" standalone="yes"?>
<addon id="repository.rector.stuff" name="Rector Stuff" version="1.0.0" provider-name="rmrector">
	<requires>
		<import addon="xbmc.addon" version="12.0.0"/>
	</requires>
	<extension point="xbmc.addon.repository" name="Rector Repository">
		<info>https://raw.githubusercontent.com/rmrector/repository.rector.stuff/master/addons.xml</info>
		<checksum>https://raw.githubusercontent.com/rmrector/repository.rector.stuff/master/addons.xml.md5</checksum>
		<datadir zip="true">https://raw.githubusercontent.com/rmrector/repository.rector.stuff/master/</datadir>
	</extension>
	<extension point="xbmc.addon.metadata">
		<summary lang="en">Stuff goes here.</summary>
		<description lang="en">I'm Rector, I do stuff, I put it here.</description>
		<platform>all</platform>
		<disclaimer />
	</extension>
</addon>
