<?xml version="1.0" encoding="UTF-8" standalone="yes"?>
<addon id="repository.rector.stuff.py3" name="Rector Stuff (Python 3 for Kodi 19 +)" version="1.0.1" provider-name="rmrector">
	<requires>
		<import addon="xbmc.addon" version="12.0.0"/>
	</requires>
	<extension point="xbmc.addon.repository" name="Rector Repository">
		<info>https://raw.githubusercontent.com/rmrector/repository.rector.stuff/python3/addons.xml</info>
		<checksum>https://raw.githubusercontent.com/rmrector/repository.rector.stuff/python3/addons.xml.md5</checksum>
		<datadir zip="true">https://raw.githubusercontent.com/rmrector/repository.rector.stuff/python3/</datadir>
	</extension>
	<extension point="xbmc.addon.metadata">
		<summary lang="en">A little place for my stuff.</summary>
		<description lang="en">I'm Rector, I do stuff, I put it here.</description>
		<platform>all</platform>
		<disclaimer />
		<assets>
			<icon>icon.png</icon>
		</assets>
	</extension>
</addon>
