<?xml version="1.0" encoding="UTF-8" standalone="yes"?>
<addon id="script.artwork.beef" name="Artwork Beef" version="0.21.2" provider-name="rmrector">
	<requires>
		<import addon="xbmc.python" version="2.19.0" />
		<import addon="xbmc.json" version="6.20.0" />
		<import addon="script.module.simplejson" version="3.3.0" />
		<import addon="script.module.requests" version="2.9.1" />
		<import addon="script.common.plugin.cache" version="2.5.8" />
	</requires>
	<extension point="xbmc.python.script" library="default.py">
		<provides>executable</provides>
	</extension>
	<extension point="kodi.context.item">
		<menu id="kodi.core.main">
			<menu id="kodi.core.manage">
				<item library="context.py">
					<label>AB: $ADDON[script.artwork.beef 32410]</label>
					<visible>!Skin.HasSetting(disablecontext:script.artwork.beef) + [StringCompare(ListItem.DBTYPE, movie) | StringCompare(ListItem.DBTYPE, set) | StringCompare(ListItem.DBTYPE, tvshow) | StringCompare(ListItem.DBTYPE, episode) | StringCompare(ListItem.DBTYPE, musicvideo) | String.IsEqual(ListItem.DBTYPE, movie) | String.IsEqual(ListItem.DBTYPE, set) | String.IsEqual(ListItem.DBTYPE, tvshow) | String.IsEqual(ListItem.DBTYPE, episode) | String.IsEqual(ListItem.DBTYPE, musicvideo)]</visible>
				</item>
				<item library="context_gui.py">
					<label>AB: $ADDON[script.artwork.beef 32411]</label>
					<visible>!Skin.HasSetting(disablecontext:script.artwork.beef) + [StringCompare(ListItem.DBTYPE, movie) | StringCompare(ListItem.DBTYPE, set) | StringCompare(ListItem.DBTYPE, tvshow) | StringCompare(ListItem.DBTYPE, episode) | StringCompare(ListItem.DBTYPE, musicvideo) | String.IsEqual(ListItem.DBTYPE, movie) | String.IsEqual(ListItem.DBTYPE, set) | String.IsEqual(ListItem.DBTYPE, tvshow) | String.IsEqual(ListItem.DBTYPE, episode) | String.IsEqual(ListItem.DBTYPE, musicvideo)]</visible>
				</item>
			</menu>
			<item library="context.py">
				<label>AB: $ADDON[script.artwork.beef 32410]</label>
				<visible>!Skin.HasSetting(disablecontext:script.artwork.beef) + [String.StartsWith(System.BuildVersion,18) | String.StartsWith(System.BuildVersion,19)] + [String.IsEqual(ListItem.DBTYPE, artist) | String.IsEqual(ListItem.DBTYPE, album) | String.IsEqual(ListItem.DBTYPE, song)]</visible>
			</item>
			<item library="context_gui.py">
				<label>AB: $ADDON[script.artwork.beef 32411]</label>
				<visible>!Skin.HasSetting(disablecontext:script.artwork.beef) + [String.StartsWith(System.BuildVersion,18) | String.StartsWith(System.BuildVersion,19)] + [String.IsEqual(ListItem.DBTYPE, artist) | String.IsEqual(ListItem.DBTYPE, album) | String.IsEqual(ListItem.DBTYPE, song)]</visible>
			</item>
		</menu>
	</extension>
	<extension point="xbmc.service" start="login" library="service.py" />
	<extension point="xbmc.addon.metadata">
		<summary lang="en">Automatically adds extra artwork for your media.</summary>
		<description lang="en">Artwork Beef automatically adds extra artwork for TV shows and movies into your library. It grabs them from wonderful web services and the file system.</description>
		<disclaimer lang="en">Artwork sources: fanart.tv, TheTVDB.com, The Movie Database, TheAudioDB</disclaimer>
		<news>
v0.21.2 (2018-08-28)
- Fix: a different attempt to remove movie artwork from movie sets
- Fix: crash in 'clean_artwork'

v0.21.1 (2018-08-01)
- [B]Upgrade action:[/B] remove "animatedposter, animatedfanart" from movie artwork
- Feature: TheAudioDB communication is HTTPS, no more unencrypted web traffic
- Fix: all / most music videos listed when viewing unmatched music videos
- Fix: remove animated artwork from default movie additional art type setting

v0.21.0 (2018-07-14)
- Feature: add advanced settings to replace all web service project API keys
- Feature: add "Largest available" option to "Preferred artwork size"
- Fix: artwork filenames for stacked movie files
- Fix: error downloading files in some configurations
		</news>
		<source>https://github.com/rmrector/script.artwork.beef</source>
		<forum>https://forum.kodi.tv/showthread.php?tid=258886</forum>
		<website>https://rmrector.github.io/script.artwork.beef/</website>
		<license>The MIT License</license>
		<platform>all</platform>
		<assets>
			<icon>icon.png</icon>
		</assets>
		<language />
		<email />
	</extension>
</addon>
