<?xml version="1.0" encoding="UTF-8" standalone="yes"?>
<addon id="script.artwork.beef" name="Artwork Beef" version="0.6.3" provider-name="rmrector">
	<requires>
		<import addon="xbmc.python" version="2.19.0" />
		<import addon="xbmc.json" version="6.20.0" />
		<import addon="script.module.simplejson" version="3.3.0" />
		<import addon="script.module.requests" version="2.9.1" />
		<import addon="script.module.cachecontrol" version="0.11.5" />
		<import addon="script.module.devhelper" version="0.1.4" />
	</requires>
	<extension point="xbmc.python.script" library="default.py">
		<provides>executable</provides>
	</extension>
	<extension point="xbmc.service" start="login" library="service.py" />
	<extension point="xbmc.addon.metadata">
		<summary lang="en">Automatically adds extra artwork for your media.</summary>
		<description lang="en">Artwork Beef automatically adds extra artwork for TV shows and movies into your library. It grabs them from wonderful web services and the filesystem.</description>
		<disclaimer lang="en">Artwork sources: fanart.tv, TheTVDB.com, The Movie Database</disclaimer>
		<source>https://github.com/rmrector/script.artwork.beef</source>
		<forum>http://forum.kodi.tv/showthread.php?tid=258886</forum>
		<license>The MIT License</license>
		<platform>all</platform>
		<language />
		<website />
		<source />
		<forum />
		<email />
	</extension>
</addon>
