﻿<?xml version="1.0" encoding="UTF-8"?>
<addon id="webinterface.devhelper" version="0.1.4" name="Devhelper web" provider-name="Ryan Rector">
	<requires>
		<import addon="xbmc.json" version="6.0.0"/>
	</requires>
	<extension point="xbmc.webinterface"/>
	<extension point="xbmc.addon.metadata">
		<summary lang="en">Development web interface</summary>
		<description lang="en">A web interface to help with design and development.</description>
		<news>
v0.1.4 (2018-05-26)
- Feature: param toggler for "filter" params
- Feature: syntax highlighting for JSON-RPC results
- Fix: show full JSON-RPC response

v0.1.3 (2018-04-08)
- Fix: running data on specifically sized requests

v0.1.2 (2018-03-12)
- Feature: add an option to show all art types available in the Kodi library in Running Data
- Feature: add a couple of smaller functionality switches
		</news>
		<platform>all</platform>
		<assets>
			<icon>icon.png</icon>
			<fanart></fanart>
			<screenshot>resources/screenshot1.jpg</screenshot>
			<screenshot>resources/screenshot2.jpg</screenshot>
		</assets>
	</extension>
</addon>
